,id,degree,betweenness,strength_fast,strength_slow,V_gene_fast,J_gene_fast,codon_diversity_fast,sample_prevalence_fast,V_gene_slow,J_gene_slow,codon_diversity_slow,sample_prevalence_slow
2,CASSPPGQGNYGYTF,7,0.0062056737588652,6.665767053991533,6.8299006393256665,TRBV12-3,TRBJ1-2,21,23,TRBV12-3,TRBJ1-2,5,5
3,CASSPTGAQETQYF,3,0.0,2.7739137517543297,2.94097862833066,TRBV11-2,TRBJ2-5,29,30,TRBV18,TRBJ2-5,6,6
4,CASSFSSETQYF,6,0.000886524822695,5.717285828514178,5.775646157835093,TRBV12-3,TRBJ2-5,19,17,TRBV12-3,TRBJ2-5,5,5
5,CASSGGQGPYEQYF,5,0.0,4.733967437173031,4.902015439567662,TRBV12-3,TRBJ2-7,16,22,TRBV11-2,TRBJ2-7,8,8
6,CASSQGLAGGYEQYF,5,0.0,4.672877445450421,4.896625117467877,TRBV10-1,TRBJ2-7,34,36,TRBV11-3,TRBJ2-7,8,7
9,CASSLPGSGANVLTF,5,0.0,4.747786297927016,4.923924867071283,TRBV12-3,TRBJ2-6,49,46,TRBV11-1,TRBJ2-6,6,6
10,CASSLVGASSYNEQFF,6,0.000886524822695,5.729710190264613,5.924604185937749,TRBV12-3,TRBJ2-1,13,12,TRBV5-1,TRBJ2-1,5,5
41,CASSLQQGYEQYF,1,0.0,0.954248988307668,0.9553060450958548,TRBV11-1,TRBJ2-7,17,20,TRBV11-3,TRBJ2-7,5,5
